<resources>

    <!-- Base application theme. -->
    <style name="AppTheme" parent="Theme.AppCompat.DayNight.NoActionBar">
        <!-- Customize your theme here. -->
        <item name="colorPrimary">@color/colorPrimaryDark</item>
        <item name="colorPrimaryDark">@color/colorPrimaryDark</item>
        <item name="colorAccent">@color/colorAccent</item>
        <item name="android:textColorPrimary">@color/colorLight</item>
        <item name="android:textColorSecondary">@color/colorLight</item>
        <item name="searchViewStyle">@style/SearchViewMy</item>

    </style>

    <style name="SearchViewMy" parent="Widget.AppCompat.Light.SearchView">
        <item name="searchHintIcon">@null</item>
        <item name="android:textColorHint">@color/colorLight</item>
    </style>


    <style name="AppTheme.NoActionBar">
        <item name="windowActionBar">false</item>
        <item name="windowNoTitle">true</item>

    </style>

    <style name="AppTheme.AppBarOverlay" parent="ThemeOverlay.AppCompat.Dark.ActionBar" />

    <style name="AppTheme.PopupOverlay" parent="ThemeOverlay.AppCompat.Light" />

</resources>
